Catalyst;quant10;quant90;exp_ee;temp;covered
1a;27.778972109983826;92.04945063725808;74;195;TRUE
1b;64.23596775606596;96.38231661738055;72;195;TRUE
2;76.6262970916305;97.87764085553123;88;195;TRUE
3a;45.191002121224216;85.28785208925486;52;296;TRUE
3b;84.534822580039;98.06466766359146;81;193;FALSE
4a;53.67140448222057;92.82308543900133;65;233;TRUE
4b;-77.7923899765583;13.529626700913516;-48;233;TRUE
4c;52.09012115770611;92.07476108543817;46;233;FALSE
4d;-87.48271757542673;-26.658660070918465;-53;195;TRUE
4e;20.03458579816258;83.37616990850674;44;195;TRUE
5a;32.22521807244359;91.9281129354143;80;195;TRUE
5b;52.257828680711796;93.58073780717794;61;195;TRUE
5c;-93.37646969660172;-35.95257551027082;-49;195;TRUE
6;75.21115818503417;96.18926380153158;84;228;TRUE
